source_id	url_or_file	first_seen	source_type	raw_company_name	normalized_company_name	country	status	reason
py-senacsa-001	https://example.local/py/a-frigorifico	2026-05-19	official_list	A Frigorifico Paraguay SA	A Frigorifico Paraguay	Paraguay	added	新增线索
br-weak-001	https://example.local/br/c-subprodutos	2026-05-19	weak_signal	C Subprodutos Bovinos Ltda	C Subprodutos Bovinos	Brazil	added	新增线索
uy-ref-001	https://example.local/uy/b-exporter	2026-05-19	bill_of_lading	B Exporter Uruguay	B Exporter Uruguay	Uruguay	added	新增线索
br-excluded-001	https://example.local/br/rumen-trader	2026-05-19	manual_tsv	Rumen Trader Brazil	Rumen Trader Brazil	Brazil	skipped_excluded	只命中排除品类，没有 Omasum 信号
py-dup-001	https://example.local/py/a-frigorifico	2026-05-19	official_list	A Frigorifico Paraguay S.A.	A Frigorifico Paraguay	Paraguay	skipped_dup	重复 URL、注册号或公司+国家
py-senacsa-001	https://example.local/py/a-frigorifico	2026-05-19	official_list	A Frigorifico Paraguay SA	A Frigorifico Paraguay	Paraguay	skipped_dup	duplicate url, registration, or company+country
br-weak-001	https://example.local/br/c-subprodutos	2026-05-19	weak_signal	C Subprodutos Bovinos Ltda	C Subprodutos Bovinos	Brazil	skipped_dup	duplicate url, registration, or company+country
uy-ref-001	https://example.local/uy/b-exporter	2026-05-19	bill_of_lading	B Exporter Uruguay	B Exporter Uruguay	Uruguay	skipped_dup	重复 URL、注册号或公司+国家
br-excluded-001	https://example.local/br/rumen-trader	2026-05-19	manual_tsv	Rumen Trader Brazil	Rumen Trader Brazil	Brazil	skipped_excluded	excluded product without Omasum signal
py-dup-001	https://example.local/py/a-frigorifico	2026-05-19	official_list	A Frigorifico Paraguay S.A.	A Frigorifico Paraguay	Paraguay	skipped_dup	duplicate url, registration, or company+country
auto-paraguay-senacsa-frigorificos-cooperativa-multiactiva-neuland-fo1ggm	https://docs.google.com/spreadsheets/d/1nDixRDexsnfC9ieAkWxrqNryysK9UoHZ/export?format=csv	2026-05-19	official_list	COOPERATIVA MULTIACTIVA NEULAND LTDA.	COOPERATIVA MULTIACTIVA NEULAND	Paraguay	added	新增线索
auto-paraguay-senacsa-frigorificos-frigorifico-frigomerc-23ysxe	https://docs.google.com/spreadsheets/d/1nDixRDexsnfC9ieAkWxrqNryysK9UoHZ/export?format=csv	2026-05-19	official_list	FRIGORIFICO FRIGOMERC S.A.	FRIGORIFICO FRIGOMERC	Paraguay	skipped_dup	重复 URL、注册号或公司+国家
auto-paraguay-senacsa-frigorificos-matadero-frigorifico-san-antonio-1op5dre	https://docs.google.com/spreadsheets/d/1nDixRDexsnfC9ieAkWxrqNryysK9UoHZ/export?format=csv	2026-05-19	official_list	MATADERO FRIGORIFICO SAN ANTONIO	MATADERO FRIGORIFICO SAN ANTONIO	Paraguay	skipped_dup	重复 URL、注册号或公司+国家
auto-paraguay-senacsa-frigorificos-frigorifico-guarani-c-i-1o8l53y	https://docs.google.com/spreadsheets/d/1nDixRDexsnfC9ieAkWxrqNryysK9UoHZ/export?format=csv	2026-05-19	official_list	FRIGORIFICO GUARANI S.A.C.I.	FRIGORIFICO GUARANI C I	Paraguay	skipped_dup	重复 URL、注册号或公司+国家
auto-paraguay-senacsa-frigorificos-frigorifico-lombardo-rgg5uy	https://docs.google.com/spreadsheets/d/1nDixRDexsnfC9ieAkWxrqNryysK9UoHZ/export?format=csv	2026-05-19	official_list	FRIGORIFICO LOMBARDO	FRIGORIFICO LOMBARDO	Paraguay	skipped_dup	重复 URL、注册号或公司+国家
auto-paraguay-senacsa-frigorificos-frigochorti-eiaiig	https://docs.google.com/spreadsheets/d/1nDixRDexsnfC9ieAkWxrqNryysK9UoHZ/export?format=csv	2026-05-19	official_list	FRIGOCHORTI	FRIGOCHORTI	Paraguay	skipped_dup	重复 URL、注册号或公司+国家
auto-paraguay-senacsa-frigorificos-frigorifico-frigochaco-ekanta	https://docs.google.com/spreadsheets/d/1nDixRDexsnfC9ieAkWxrqNryysK9UoHZ/export?format=csv	2026-05-19	official_list	FRIGORIFICO FRIGOCHACO	FRIGORIFICO FRIGOCHACO	Paraguay	skipped_dup	重复 URL、注册号或公司+国家
auto-paraguay-senacsa-frigorificos-frigorifico-belen-l9q5qz	https://docs.google.com/spreadsheets/d/1nDixRDexsnfC9ieAkWxrqNryysK9UoHZ/export?format=csv	2026-05-19	official_list	FRIGORIFICO BELEN	FRIGORIFICO BELEN	Paraguay	skipped_dup	重复 URL、注册号或公司+国家
auto-paraguay-senacsa-frigorificos-frigorifico-concepcion-djdnjk	https://docs.google.com/spreadsheets/d/1nDixRDexsnfC9ieAkWxrqNryysK9UoHZ/export?format=csv	2026-05-19	official_list	FRIGORIFICO CONCEPCION S.A.	FRIGORIFICO CONCEPCION	Paraguay	skipped_dup	重复 URL、注册号或公司+国家
auto-paraguay-senacsa-frigorificos-avicar-foods-1b8gth8	https://docs.google.com/spreadsheets/d/1nDixRDexsnfC9ieAkWxrqNryysK9UoHZ/export?format=csv	2026-05-19	official_list	AVICAR FOODS	AVICAR FOODS	Paraguay	skipped_dup	重复 URL、注册号或公司+国家
auto-paraguay-senacsa-frigorificos-frigorifico-victoria-10h2fz0	https://docs.google.com/spreadsheets/d/1nDixRDexsnfC9ieAkWxrqNryysK9UoHZ/export?format=csv	2026-05-19	official_list	FRIGORIFICO VICTORIA	FRIGORIFICO VICTORIA	Paraguay	skipped_dup	重复 URL、注册号或公司+国家
auto-paraguay-senacsa-frigorificos-frigorifico-norte-kxkeza	https://docs.google.com/spreadsheets/d/1nDixRDexsnfC9ieAkWxrqNryysK9UoHZ/export?format=csv	2026-05-19	official_list	FRIGORIFICO NORTE S.A.	FRIGORIFICO NORTE	Paraguay	skipped_dup	重复 URL、注册号或公司+国家
auto-paraguay-senacsa-frigorificos-frigorifico-concepcion-736nno	https://docs.google.com/spreadsheets/d/1nDixRDexsnfC9ieAkWxrqNryysK9UoHZ/export?format=csv	2026-05-19	official_list	FRIGORIFICO CONCEPCION S.A.	FRIGORIFICO CONCEPCION	Paraguay	skipped_dup	重复 URL、注册号或公司+国家
auto-paraguay-senacsa-frigorificos-frigorifico-concepcion-ytzsdm	https://docs.google.com/spreadsheets/d/1nDixRDexsnfC9ieAkWxrqNryysK9UoHZ/export?format=csv	2026-05-19	official_list	FRIGORIFICO CONCEPCION S.A.	FRIGORIFICO CONCEPCION	Paraguay	skipped_dup	重复 URL、注册号或公司+国家
auto-paraguay-senacsa-frigorificos-matadero-frigorifico-concepcion-roque-alonso-1u6hrq	https://docs.google.com/spreadsheets/d/1nDixRDexsnfC9ieAkWxrqNryysK9UoHZ/export?format=csv	2026-05-19	official_list	MATADERO FRIGORIFICO CONCEPCION S.A. ROQUE ALONSO	MATADERO FRIGORIFICO CONCEPCION ROQUE ALONSO	Paraguay	skipped_dup	重复 URL、注册号或公司+国家
auto-uruguay-meats-exporters-frigorifico-carrasco-1f36gw1	https://uymeats.com/product/frigorifico-carrasco-s-a-2/	2026-05-19	official_list	Frigorífico Carrasco S.A.	Frigorífico Carrasco	Uruguay	added	新增线索
auto-uruguay-meats-exporters-breeders-and-packers-uruguay-1gvbtj6	https://uymeats.com/product/breeders-packers-uruguay-s-a/	2026-05-19	official_list	Breeders & Packers Uruguay S.A	Breeders & Packers Uruguay	Uruguay	added	新增线索
auto-uruguay-meats-exporters-frigorifico-pul-1mdn3d6	https://uymeats.com/product/frigorifico-pul-s-a/	2026-05-19	official_list	Frigorifico PUL S.A	Frigorifico PUL	Uruguay	added	新增线索
auto-uruguay-meats-exporters-lorsinal-diundj	https://uymeats.com/product/lorsinal-s-a/	2026-05-19	official_list	Lorsinal S.A	Lorsinal	Uruguay	added	新增线索
auto-uruguay-meats-exporters-establecimiento-florida-halmon-qpo5mw	https://uymeats.com/product/halmon-s-a/	2026-05-19	official_list	Establecimiento Florida – Halmon S.A	Establecimiento Florida – Halmon	Uruguay	added	新增线索
auto-uruguay-meats-exporters-frigorifico-casa-blanca-v1g9n0	https://uymeats.com/product/frigorifico-casa-blanca-s-a/	2026-05-19	official_list	Frigorífico Casa Blanca S.A.	Frigorífico Casa Blanca	Uruguay	added	新增线索
auto-uruguay-meats-exporters-frigorifico-schneck-116t22a	https://uymeats.com/product/frigorifico-schneck/	2026-05-19	official_list	FRIGORÍFICO Schneck	FRIGORÍFICO Schneck	Uruguay	added	新增线索
auto-uruguay-meats-exporters-frigosalto-somicar-1dlw1hx	https://uymeats.com/product/frigosalto-somicar-s-a/	2026-05-19	official_list	FRIGOSALTO – Somicar S.A.	FRIGOSALTO – Somicar	Uruguay	added	新增线索
auto-uruguay-meats-exporters-frigoyi-bilacor-13x0g5r	https://uymeats.com/product/frigoyi-bilacor-s-a/	2026-05-19	official_list	Frigoyi – Bilacor S.A.	Frigoyi – Bilacor	Uruguay	added	新增线索
auto-uruguay-meats-exporters-frigorifico-rosario-rondatel-s0j27z	https://uymeats.com/product/frigorifico-rondatel/	2026-05-19	official_list	Frigorifico Rosario – Rondatel S.A.	Frigorifico Rosario – Rondatel	Uruguay	added	新增线索
auto-uruguay-meats-exporters-frigorifico-durazno-8pz936	https://uymeats.com/product/frigorifico-durazno/	2026-05-19	official_list	Frigorífico durazno	Frigorífico durazno	Uruguay	added	新增线索
auto-uruguay-meats-exporters-frigorifico-san-jacinto-1usvf2n	https://uymeats.com/product/frigorifico-san-jacinto/	2026-05-19	official_list	Frigorífico San Jacinto	Frigorífico San Jacinto	Uruguay	added	新增线索
auto-uruguay-meats-exporters-frigorifico-modelo-1xdfek0	https://uymeats.com/product/frigorifico-modelo-s-a/	2026-05-19	official_list	Frigorifico Modelo S.A	Frigorifico Modelo	Uruguay	added	新增线索
auto-uruguay-meats-exporters-solis-meat-uruguay-11ix2t2	https://uymeats.com/product/solis-meat-uruguay/	2026-05-19	official_list	Solís Meat Uruguay	Solís Meat Uruguay	Uruguay	added	新增线索
auto-uruguay-meats-exporters-frigorifico-las-moras-k9hgtl	https://uymeats.com/product/frigorifico-las-moras/	2026-05-19	official_list	Frigorífico Las Moras	Frigorífico Las Moras	Uruguay	added	新增线索
auto-uruguay-meats-exporters-frigorifico-canelones-4ewacm	https://uymeats.com/product/frigorifico-canelones-s-a/	2026-05-19	official_list	Frigorifico Canelones S.A	Frigorifico Canelones	Uruguay	added	新增线索
auto-uruguay-meats-exporters-marfrig-global-foods-1d5mz2c	https://uymeats.com/product/marfrig-global-foods/	2026-05-19	official_list	Marfrig Global Foods	Marfrig Global Foods	Uruguay	added	新增线索
auto-uruguay-meats-exporters-minerva-foods-1kdf4hc	https://uymeats.com/product/minerva-foods/	2026-05-19	official_list	Minerva Foods	Minerva Foods	Uruguay	added	新增线索
py-senacsa-001	https://example.local/py/a-frigorifico	2026-05-19	official_list	A Frigorifico Paraguay SA	A Frigorifico Paraguay	Paraguay	skipped_dup	重复 URL、注册号或公司+国家
br-weak-001	https://example.local/br/c-subprodutos	2026-05-19	weak_signal	C Subprodutos Bovinos Ltda	C Subprodutos Bovinos	Brazil	skipped_dup	重复 URL、注册号或公司+国家
uy-ref-001	https://example.local/uy/b-exporter	2026-05-19	bill_of_lading	B Exporter Uruguay	B Exporter Uruguay	Uruguay	skipped_dup	重复 URL、注册号或公司+国家
br-excluded-001	https://example.local/br/rumen-trader	2026-05-19	manual_tsv	Rumen Trader Brazil	Rumen Trader Brazil	Brazil	skipped_excluded	只命中排除品类，没有 Omasum 信号
py-dup-001	https://example.local/py/a-frigorifico	2026-05-19	official_list	A Frigorifico Paraguay S.A.	A Frigorifico Paraguay	Paraguay	skipped_dup	重复 URL、注册号或公司+国家
auto-paraguay-senacsa-frigorificos-cooperativa-multiactiva-neuland-fo1ggm	https://docs.google.com/spreadsheets/d/1nDixRDexsnfC9ieAkWxrqNryysK9UoHZ/export?format=csv#registro-SENACSA-1	2026-05-19	official_list	COOPERATIVA MULTIACTIVA NEULAND LTDA.	COOPERATIVA MULTIACTIVA NEULAND	Paraguay	skipped_dup	重复 URL、注册号或公司+国家
auto-paraguay-senacsa-frigorificos-frigorifico-frigomerc-23ysxe	https://docs.google.com/spreadsheets/d/1nDixRDexsnfC9ieAkWxrqNryysK9UoHZ/export?format=csv#registro-SENACSA-2	2026-05-19	official_list	FRIGORIFICO FRIGOMERC S.A.	FRIGORIFICO FRIGOMERC	Paraguay	added	新增线索
auto-paraguay-senacsa-frigorificos-matadero-frigorifico-san-antonio-1op5dre	https://docs.google.com/spreadsheets/d/1nDixRDexsnfC9ieAkWxrqNryysK9UoHZ/export?format=csv#registro-SENACSA-3	2026-05-19	official_list	MATADERO FRIGORIFICO SAN ANTONIO	MATADERO FRIGORIFICO SAN ANTONIO	Paraguay	added	新增线索
auto-paraguay-senacsa-frigorificos-frigorifico-guarani-c-i-1o8l53y	https://docs.google.com/spreadsheets/d/1nDixRDexsnfC9ieAkWxrqNryysK9UoHZ/export?format=csv#registro-SENACSA-7	2026-05-19	official_list	FRIGORIFICO GUARANI S.A.C.I.	FRIGORIFICO GUARANI C I	Paraguay	added	新增线索
auto-paraguay-senacsa-frigorificos-frigorifico-lombardo-rgg5uy	https://docs.google.com/spreadsheets/d/1nDixRDexsnfC9ieAkWxrqNryysK9UoHZ/export?format=csv#registro-SENACSA-8	2026-05-19	official_list	FRIGORIFICO LOMBARDO	FRIGORIFICO LOMBARDO	Paraguay	added	新增线索
auto-paraguay-senacsa-frigorificos-frigochorti-eiaiig	https://docs.google.com/spreadsheets/d/1nDixRDexsnfC9ieAkWxrqNryysK9UoHZ/export?format=csv#registro-SENACSA-9	2026-05-19	official_list	FRIGOCHORTI	FRIGOCHORTI	Paraguay	added	新增线索
auto-paraguay-senacsa-frigorificos-frigorifico-frigochaco-ekanta	https://docs.google.com/spreadsheets/d/1nDixRDexsnfC9ieAkWxrqNryysK9UoHZ/export?format=csv#registro-SENACSA-10	2026-05-19	official_list	FRIGORIFICO FRIGOCHACO	FRIGORIFICO FRIGOCHACO	Paraguay	added	新增线索
auto-paraguay-senacsa-frigorificos-frigorifico-belen-l9q5qz	https://docs.google.com/spreadsheets/d/1nDixRDexsnfC9ieAkWxrqNryysK9UoHZ/export?format=csv#registro-SENACSA-23	2026-05-19	official_list	FRIGORIFICO BELEN	FRIGORIFICO BELEN	Paraguay	added	新增线索
auto-paraguay-senacsa-frigorificos-frigorifico-concepcion-djdnjk	https://docs.google.com/spreadsheets/d/1nDixRDexsnfC9ieAkWxrqNryysK9UoHZ/export?format=csv#registro-SENACSA-38	2026-05-19	official_list	FRIGORIFICO CONCEPCION S.A.	FRIGORIFICO CONCEPCION	Paraguay	added	新增线索
auto-paraguay-senacsa-frigorificos-avicar-foods-1b8gth8	https://docs.google.com/spreadsheets/d/1nDixRDexsnfC9ieAkWxrqNryysK9UoHZ/export?format=csv#registro-SENACSA-11	2026-05-19	official_list	AVICAR FOODS	AVICAR FOODS	Paraguay	added	新增线索
auto-paraguay-senacsa-frigorificos-frigorifico-victoria-10h2fz0	https://docs.google.com/spreadsheets/d/1nDixRDexsnfC9ieAkWxrqNryysK9UoHZ/export?format=csv#registro-SENACSA-14	2026-05-19	official_list	FRIGORIFICO VICTORIA	FRIGORIFICO VICTORIA	Paraguay	added	新增线索
auto-paraguay-senacsa-frigorificos-frigorifico-norte-kxkeza	https://docs.google.com/spreadsheets/d/1nDixRDexsnfC9ieAkWxrqNryysK9UoHZ/export?format=csv#registro-SENACSA-15	2026-05-19	official_list	FRIGORIFICO NORTE S.A.	FRIGORIFICO NORTE	Paraguay	added	新增线索
auto-paraguay-senacsa-frigorificos-frigorifico-concepcion-736nno	https://docs.google.com/spreadsheets/d/1nDixRDexsnfC9ieAkWxrqNryysK9UoHZ/export?format=csv#registro-SENACSA-49/C2	2026-05-19	official_list	FRIGORIFICO CONCEPCION S.A.	FRIGORIFICO CONCEPCION	Paraguay	skipped_dup	重复 URL、注册号或公司+国家
auto-paraguay-senacsa-frigorificos-frigorifico-concepcion-ytzsdm	https://docs.google.com/spreadsheets/d/1nDixRDexsnfC9ieAkWxrqNryysK9UoHZ/export?format=csv#registro-SENACSA-42/C1	2026-05-19	official_list	FRIGORIFICO CONCEPCION S.A.	FRIGORIFICO CONCEPCION	Paraguay	skipped_dup	重复 URL、注册号或公司+国家
auto-paraguay-senacsa-frigorificos-matadero-frigorifico-concepcion-roque-alonso-1u6hrq	https://docs.google.com/spreadsheets/d/1nDixRDexsnfC9ieAkWxrqNryysK9UoHZ/export?format=csv#registro-SENACSA-42	2026-05-19	official_list	MATADERO FRIGORIFICO CONCEPCION S.A. ROQUE ALONSO	MATADERO FRIGORIFICO CONCEPCION ROQUE ALONSO	Paraguay	added	新增线索
auto-uruguay-meats-exporters-frigorifico-carrasco-1f36gw1	https://uymeats.com/product/frigorifico-carrasco-s-a-2/	2026-05-19	official_list	Frigorífico Carrasco S.A.	Frigorífico Carrasco	Uruguay	skipped_dup	重复 URL、注册号或公司+国家
auto-uruguay-meats-exporters-breeders-and-packers-uruguay-1gvbtj6	https://uymeats.com/product/breeders-packers-uruguay-s-a/	2026-05-19	official_list	Breeders & Packers Uruguay S.A	Breeders & Packers Uruguay	Uruguay	skipped_dup	重复 URL、注册号或公司+国家
auto-uruguay-meats-exporters-frigorifico-pul-1mdn3d6	https://uymeats.com/product/frigorifico-pul-s-a/	2026-05-19	official_list	Frigorifico PUL S.A	Frigorifico PUL	Uruguay	skipped_dup	重复 URL、注册号或公司+国家
auto-uruguay-meats-exporters-lorsinal-diundj	https://uymeats.com/product/lorsinal-s-a/	2026-05-19	official_list	Lorsinal S.A	Lorsinal	Uruguay	skipped_dup	重复 URL、注册号或公司+国家
auto-uruguay-meats-exporters-establecimiento-florida-halmon-qpo5mw	https://uymeats.com/product/halmon-s-a/	2026-05-19	official_list	Establecimiento Florida – Halmon S.A	Establecimiento Florida – Halmon	Uruguay	skipped_dup	重复 URL、注册号或公司+国家
auto-uruguay-meats-exporters-frigorifico-casa-blanca-v1g9n0	https://uymeats.com/product/frigorifico-casa-blanca-s-a/	2026-05-19	official_list	Frigorífico Casa Blanca S.A.	Frigorífico Casa Blanca	Uruguay	skipped_dup	重复 URL、注册号或公司+国家
auto-uruguay-meats-exporters-frigorifico-schneck-116t22a	https://uymeats.com/product/frigorifico-schneck/	2026-05-19	official_list	FRIGORÍFICO Schneck	FRIGORÍFICO Schneck	Uruguay	skipped_dup	重复 URL、注册号或公司+国家
auto-uruguay-meats-exporters-frigosalto-somicar-1dlw1hx	https://uymeats.com/product/frigosalto-somicar-s-a/	2026-05-19	official_list	FRIGOSALTO – Somicar S.A.	FRIGOSALTO – Somicar	Uruguay	skipped_dup	重复 URL、注册号或公司+国家
auto-uruguay-meats-exporters-frigoyi-bilacor-13x0g5r	https://uymeats.com/product/frigoyi-bilacor-s-a/	2026-05-19	official_list	Frigoyi – Bilacor S.A.	Frigoyi – Bilacor	Uruguay	skipped_dup	重复 URL、注册号或公司+国家
auto-uruguay-meats-exporters-frigorifico-rosario-rondatel-s0j27z	https://uymeats.com/product/frigorifico-rondatel/	2026-05-19	official_list	Frigorifico Rosario – Rondatel S.A.	Frigorifico Rosario – Rondatel	Uruguay	skipped_dup	重复 URL、注册号或公司+国家
auto-uruguay-meats-exporters-frigorifico-durazno-8pz936	https://uymeats.com/product/frigorifico-durazno/	2026-05-19	official_list	Frigorífico durazno	Frigorífico durazno	Uruguay	skipped_dup	重复 URL、注册号或公司+国家
auto-uruguay-meats-exporters-frigorifico-san-jacinto-1usvf2n	https://uymeats.com/product/frigorifico-san-jacinto/	2026-05-19	official_list	Frigorífico San Jacinto	Frigorífico San Jacinto	Uruguay	skipped_dup	重复 URL、注册号或公司+国家
auto-uruguay-meats-exporters-frigorifico-modelo-1xdfek0	https://uymeats.com/product/frigorifico-modelo-s-a/	2026-05-19	official_list	Frigorifico Modelo S.A	Frigorifico Modelo	Uruguay	skipped_dup	重复 URL、注册号或公司+国家
auto-uruguay-meats-exporters-solis-meat-uruguay-11ix2t2	https://uymeats.com/product/solis-meat-uruguay/	2026-05-19	official_list	Solís Meat Uruguay	Solís Meat Uruguay	Uruguay	skipped_dup	重复 URL、注册号或公司+国家
auto-uruguay-meats-exporters-frigorifico-las-moras-k9hgtl	https://uymeats.com/product/frigorifico-las-moras/	2026-05-19	official_list	Frigorífico Las Moras	Frigorífico Las Moras	Uruguay	skipped_dup	重复 URL、注册号或公司+国家
auto-uruguay-meats-exporters-frigorifico-canelones-4ewacm	https://uymeats.com/product/frigorifico-canelones-s-a/	2026-05-19	official_list	Frigorifico Canelones S.A	Frigorifico Canelones	Uruguay	skipped_dup	重复 URL、注册号或公司+国家
auto-uruguay-meats-exporters-marfrig-global-foods-1d5mz2c	https://uymeats.com/product/marfrig-global-foods/	2026-05-19	official_list	Marfrig Global Foods	Marfrig Global Foods	Uruguay	skipped_dup	重复 URL、注册号或公司+国家
auto-uruguay-meats-exporters-minerva-foods-1kdf4hc	https://uymeats.com/product/minerva-foods/	2026-05-19	official_list	Minerva Foods	Minerva Foods	Uruguay	skipped_dup	重复 URL、注册号或公司+国家
py-senacsa-001	https://example.local/py/a-frigorifico	2026-05-19	official_list	A Frigorifico Paraguay SA	A Frigorifico Paraguay	Paraguay	skipped_dup	重复 URL、注册号或公司+国家
br-weak-001	https://example.local/br/c-subprodutos	2026-05-19	weak_signal	C Subprodutos Bovinos Ltda	C Subprodutos Bovinos	Brazil	skipped_dup	重复 URL、注册号或公司+国家
uy-ref-001	https://example.local/uy/b-exporter	2026-05-19	bill_of_lading	B Exporter Uruguay	B Exporter Uruguay	Uruguay	skipped_dup	重复 URL、注册号或公司+国家
br-excluded-001	https://example.local/br/rumen-trader	2026-05-19	manual_tsv	Rumen Trader Brazil	Rumen Trader Brazil	Brazil	skipped_excluded	只命中排除品类，没有 Omasum 信号
py-dup-001	https://example.local/py/a-frigorifico	2026-05-19	official_list	A Frigorifico Paraguay S.A.	A Frigorifico Paraguay	Paraguay	skipped_dup	重复 URL、注册号或公司+国家
